date,runoff
2022/7/4 0:00,3700
2022/7/4 0:05,3711.666667
2022/7/4 0:10,3723.333333
2022/7/4 0:15,3735
2022/7/4 0:20,3746.666667
2022/7/4 0:25,3758.333333
2022/7/4 0:30,3770
2022/7/4 0:35,3781.666667
2022/7/4 0:40,3793.333333
2022/7/4 0:45,3805
2022/7/4 0:50,3816.666667
2022/7/4 0:55,3828.333333
2022/7/4 1:00,3840
2022/7/4 1:05,3858.333333
2022/7/4 1:10,3876.666667
2022/7/4 1:15,3895
2022/7/4 1:20,3913.333333
2022/7/4 1:25,3931.666667
2022/7/4 1:30,3950
2022/7/4 1:35,3956.666667
2022/7/4 1:40,3963.333333
2022/7/4 1:45,3970
2022/7/4 1:50,3993.333333
2022/7/4 1:55,4016.666667
2022/7/4 2:00,4040
2022/7/4 2:05,4052.631579
2022/7/4 2:10,4065.263158
2022/7/4 2:15,4077.894737
2022/7/4 2:20,4090.526316
2022/7/4 2:25,4103.157895
2022/7/4 2:30,4115.789474
2022/7/4 2:35,4128.421053
2022/7/4 2:40,4141.052632
2022/7/4 2:45,4153.684211
2022/7/4 2:50,4166.315789
2022/7/4 2:55,4178.947368
2022/7/4 3:00,4191.578947
2022/7/4 3:05,4204.210526
2022/7/4 3:10,4216.842105
2022/7/4 3:15,4229.473684
2022/7/4 3:20,4242.105263
2022/7/4 3:25,4254.736842
2022/7/4 3:30,4267.368421
2022/7/4 3:35,4280
2022/7/4 3:40,4300
2022/7/4 3:45,4320
2022/7/4 3:50,4340
2022/7/4 3:55,4360
2022/7/4 4:00,4380
2022/7/4 4:05,4380
2022/7/4 4:10,4380
2022/7/4 4:15,4395
2022/7/4 4:20,4410
2022/7/4 4:25,4425
2022/7/4 4:30,4440
2022/7/4 4:35,4455
2022/7/4 4:40,4470
2022/7/4 4:45,4485
2022/7/4 4:50,4500
2022/7/4 4:55,4515
2022/7/4 5:00,4530
2022/7/4 5:05,4545
2022/7/4 5:10,4560
2022/7/4 5:15,4575
2022/7/4 5:20,4590
2022/7/4 5:25,4605
2022/7/4 5:30,4620
2022/7/4 5:35,4635
2022/7/4 5:40,4650
2022/7/4 5:45,4665
2022/7/4 5:50,4680
2022/7/4 5:55,4695
2022/7/4 6:00,4710
2022/7/4 6:05,4700
2022/7/4 6:10,4730
2022/7/4 6:15,4742.5
2022/7/4 6:20,4755
2022/7/4 6:25,4767.5
2022/7/4 6:30,4780
2022/7/4 6:35,4792.5
2022/7/4 6:40,4805
2022/7/4 6:45,4817.5
2022/7/4 6:50,4830
2022/7/4 6:55,4842.5
2022/7/4 7:00,4855
2022/7/4 7:05,4867.5
2022/7/4 7:10,4880
2022/7/4 7:15,4860
2022/7/4 7:20,4890
2022/7/4 7:25,4900
2022/7/4 7:30,4910
2022/7/4 7:35,4920
2022/7/4 7:40,4930
2022/7/4 7:45,4940
2022/7/4 7:50,4950
2022/7/4 7:55,4960
2022/7/4 8:00,4970
2022/7/4 8:05,4977.5
2022/7/4 8:10,4985
2022/7/4 8:15,4992.5
2022/7/4 8:20,5000
2022/7/4 8:25,5007.5
2022/7/4 8:30,5015
2022/7/4 8:35,5022.5
2022/7/4 8:40,5030
2022/7/4 8:45,5037.5
2022/7/4 8:50,5045
2022/7/4 8:55,5052.5
2022/7/4 9:00,5060
2022/7/4 9:05,5065
2022/7/4 9:10,5070
2022/7/4 9:15,5075
2022/7/4 9:20,5080
2022/7/4 9:25,5085
2022/7/4 9:30,5090
2022/7/4 9:35,5095
2022/7/4 9:40,5100
2022/7/4 9:45,5105
2022/7/4 9:50,5110
2022/7/4 9:55,5115
2022/7/4 10:00,5120
2022/7/4 10:05,5125
2022/7/4 10:10,5130
2022/7/4 10:15,5135
2022/7/4 10:20,5140
2022/7/4 10:25,5145
2022/7/4 10:30,5150
2022/7/4 10:35,5155
2022/7/4 10:40,5160
2022/7/4 10:45,5165
2022/7/4 10:50,5170
2022/7/4 10:55,5175
2022/7/4 11:00,5180
2022/7/4 11:05,5185
2022/7/4 11:10,5190
2022/7/4 11:15,5195
2022/7/4 11:20,5200
2022/7/4 11:25,5205
2022/7/4 11:30,5210
2022/7/4 11:35,5215
2022/7/4 11:40,5220
2022/7/4 11:45,5225
2022/7/4 11:50,5230
2022/7/4 11:55,5235
2022/7/4 12:00,5240
2022/7/4 12:05,5245
2022/7/4 12:10,5250
2022/7/4 12:15,5255
2022/7/4 12:20,5260
2022/7/4 12:25,5265
2022/7/4 12:30,5270
2022/7/4 12:35,5275
2022/7/4 12:40,5280
2022/7/4 12:45,5285
2022/7/4 12:50,5290
2022/7/4 12:55,5295
2022/7/4 13:00,5300
2022/7/4 13:05,5310
2022/7/4 13:10,5320
2022/7/4 13:15,5330
2022/7/4 13:20,5340
2022/7/4 13:25,5343.863636
2022/7/4 13:30,5347.727273
2022/7/4 13:35,5351.590909
2022/7/4 13:40,5355.454545
2022/7/4 13:45,5359.318182
2022/7/4 13:50,5363.181818
2022/7/4 13:55,5367.045455
2022/7/4 14:00,5370.909091
2022/7/4 14:05,5374.772727
2022/7/4 14:10,5378.636364
2022/7/4 14:15,5382.5
2022/7/4 14:20,5386.363636
2022/7/4 14:25,5390.227273
2022/7/4 14:30,5394.090909
2022/7/4 14:35,5397.954545
2022/7/4 14:40,5401.818182
2022/7/4 14:45,5405.681818
2022/7/4 14:50,5409.545455
2022/7/4 14:55,5413.409091
2022/7/4 15:00,5417.272727
2022/7/4 15:05,5421.136364
2022/7/4 15:10,5425
2022/7/4 15:15,5428.863636
2022/7/4 15:20,5432.727273
2022/7/4 15:25,5436.590909
2022/7/4 15:30,5440.454545
2022/7/4 15:35,5444.318182
2022/7/4 15:40,5448.181818
2022/7/4 15:45,5452.045455
2022/7/4 15:50,5455.909091
2022/7/4 15:55,5459.772727
2022/7/4 16:00,5463.636364
2022/7/4 16:05,5467.5
2022/7/4 16:10,5471.363636
2022/7/4 16:15,5475.227273
2022/7/4 16:20,5479.090909
2022/7/4 16:25,5482.954545
2022/7/4 16:30,5486.818182
2022/7/4 16:35,5490.681818
2022/7/4 16:40,5494.545455
2022/7/4 16:45,5498.409091
2022/7/4 16:50,5502.272727
2022/7/4 16:55,5506.136364
2022/7/4 17:00,5510
2022/7/4 17:05,5516.666667
2022/7/4 17:10,5523.333333
2022/7/4 17:15,5530
2022/7/4 17:20,5536.666667
2022/7/4 17:25,5543.333333
2022/7/4 17:30,5550
2022/7/4 17:35,5556.666667
2022/7/4 17:40,5563.333333
2022/7/4 17:45,5570
2022/7/4 17:50,5576.666667
2022/7/4 17:55,5583.333333
2022/7/4 18:00,5590
2022/7/4 18:05,5594
2022/7/4 18:10,5598
2022/7/4 18:15,5602
2022/7/4 18:20,5606
2022/7/4 18:25,5610
2022/7/4 18:30,5616.666667
2022/7/4 18:35,5623.333333
2022/7/4 18:40,5630
2022/7/4 18:45,5636.666667
2022/7/4 18:50,5643.333333
2022/7/4 18:55,5650
2022/7/4 19:00,5656.666667
2022/7/4 19:05,5663.333333
2022/7/4 19:10,5670
2022/7/4 19:15,5676.666667
2022/7/4 19:20,5683.333333
2022/7/4 19:25,5690
2022/7/4 19:30,5696.666667
2022/7/4 19:35,5703.333333
2022/7/4 19:40,5710
2022/7/4 19:45,5716.666667
2022/7/4 19:50,5723.333333
2022/7/4 19:55,5730
2022/7/4 20:00,5736.666667
2022/7/4 20:05,5743.333333
2022/7/4 20:10,5750
2022/7/4 20:15,5756.666667
2022/7/4 20:20,5763.333333
2022/7/4 20:25,5770
2022/7/4 20:30,5776.666667
2022/7/4 20:35,5783.333333
2022/7/4 20:40,5790
2022/7/4 20:45,5796.666667
2022/7/4 20:50,5803.333333
2022/7/4 20:55,5810
2022/7/4 21:00,5816.666667
2022/7/4 21:05,5823.333333
2022/7/4 21:10,5830
2022/7/4 21:15,5836.666667
2022/7/4 21:20,5843.333333
2022/7/4 21:25,5850
2022/7/4 21:30,5856.666667
2022/7/4 21:35,5863.333333
2022/7/4 21:40,5870
2022/7/4 21:45,5873.636364
2022/7/4 21:50,5877.272727
2022/7/4 21:55,5880.909091
2022/7/4 22:00,5884.545455
2022/7/4 22:05,5888.181818
2022/7/4 22:10,5891.818182
2022/7/4 22:15,5895.454545
2022/7/4 22:20,5899.090909
2022/7/4 22:25,5902.727273
2022/7/4 22:30,5906.363636
2022/7/4 22:35,5910
2022/7/4 22:40,5913.636364
2022/7/4 22:45,5917.272727
2022/7/4 22:50,5920.909091
2022/7/4 22:55,5924.545455
2022/7/4 23:00,5928.181818
2022/7/4 23:05,5931.818182
2022/7/4 23:10,5935.454545
2022/7/4 23:15,5939.090909
2022/7/4 23:20,5942.727273
2022/7/4 23:25,5946.363636
2022/7/4 23:30,5950
2022/7/4 23:35,5957.5
2022/7/4 23:40,5965
2022/7/4 23:45,5972.5
2022/7/4 23:50,5980
2022/7/4 23:55,5895
2022/7/5 0:00,5990
2022/7/5 0:05,5992.708333
2022/7/5 0:10,5995.416667
2022/7/5 0:15,5998.125
2022/7/5 0:20,6000.833333
2022/7/5 0:25,6003.541667
2022/7/5 0:30,6006.25
2022/7/5 0:35,6008.958333
2022/7/5 0:40,6011.666667
2022/7/5 0:45,6014.375
2022/7/5 0:50,6017.083333
2022/7/5 0:55,6019.791667
2022/7/5 1:00,6022.5
2022/7/5 1:05,6025.208333
2022/7/5 1:10,6027.916667
2022/7/5 1:15,6030.625
2022/7/5 1:20,6033.333333
2022/7/5 1:25,6036.041667
2022/7/5 1:30,6038.75
2022/7/5 1:35,6041.458333
2022/7/5 1:40,6044.166667
2022/7/5 1:45,6046.875
2022/7/5 1:50,6049.583333
2022/7/5 1:55,6052.291667
2022/7/5 2:00,6055
2022/7/5 2:05,6057.708333
2022/7/5 2:10,6060.416667
2022/7/5 2:15,6063.125
2022/7/5 2:20,6065.833333
2022/7/5 2:25,6068.541667
2022/7/5 2:30,6071.25
2022/7/5 2:35,6073.958333
2022/7/5 2:40,6076.666667
2022/7/5 2:45,6079.375
2022/7/5 2:50,6082.083333
2022/7/5 2:55,6084.791667
2022/7/5 3:00,6087.5
2022/7/5 3:05,6090.208333
2022/7/5 3:10,6092.916667
2022/7/5 3:15,6095.625
2022/7/5 3:20,6098.333333
2022/7/5 3:25,6101.041667
2022/7/5 3:30,6103.75
2022/7/5 3:35,6106.458333
2022/7/5 3:40,6109.166667
2022/7/5 3:45,6111.875
2022/7/5 3:50,6114.583333
2022/7/5 3:55,6117.291667
2022/7/5 4:00,6120
2022/7/5 4:05,6122.708333
2022/7/5 4:10,6125.416667
2022/7/5 4:15,6128.125
2022/7/5 4:20,6130.833333
2022/7/5 4:25,6133.541667
2022/7/5 4:30,6136.25
2022/7/5 4:35,6138.958333
2022/7/5 4:40,6141.666667
2022/7/5 4:45,6144.375
2022/7/5 4:50,6147.083333
2022/7/5 4:55,6149.791667
2022/7/5 5:00,6152.5
2022/7/5 5:05,6155.208333
2022/7/5 5:10,6157.916667
2022/7/5 5:15,6160.625
2022/7/5 5:20,6163.333333
2022/7/5 5:25,6166.041667
2022/7/5 5:30,6168.75
2022/7/5 5:35,6171.458333
2022/7/5 5:40,6174.166667
2022/7/5 5:45,6176.875
2022/7/5 5:50,6179.583333
2022/7/5 5:55,6182.291667
2022/7/5 6:00,6185
2022/7/5 6:05,6187.708333
2022/7/5 6:10,6190.416667
2022/7/5 6:15,6193.125
2022/7/5 6:20,6195.833333
2022/7/5 6:25,6198.541667
2022/7/5 6:30,6201.25
2022/7/5 6:35,6203.958333
2022/7/5 6:40,6206.666667
2022/7/5 6:45,6209.375
2022/7/5 6:50,6212.083333
2022/7/5 6:55,6214.791667
2022/7/5 7:00,6217.5
2022/7/5 7:05,6220.208333
2022/7/5 7:10,6222.916667
2022/7/5 7:15,6225.625
2022/7/5 7:20,6228.333333
2022/7/5 7:25,6231.041667
2022/7/5 7:30,6233.75
2022/7/5 7:35,6236.458333
2022/7/5 7:40,6239.166667
2022/7/5 7:45,6241.875
2022/7/5 7:50,6244.583333
2022/7/5 7:55,6247.291667
2022/7/5 8:00,6250
2022/7/5 8:05,6251.666667
2022/7/5 8:10,6253.333333
2022/7/5 8:15,6255
2022/7/5 8:20,6256.666667
2022/7/5 8:25,6258.333333
2022/7/5 8:30,6260
2022/7/5 8:35,6262.5
2022/7/5 8:40,6265
2022/7/5 8:45,6267.5
2022/7/5 8:50,6270
2022/7/5 8:55,6270
2022/7/5 9:00,6310
2022/7/5 9:05,6312.272727
2022/7/5 9:10,6314.545455
2022/7/5 9:15,6316.818182
2022/7/5 9:20,6319.090909
2022/7/5 9:25,6321.363636
2022/7/5 9:30,6323.636364
2022/7/5 9:35,6325.909091
2022/7/5 9:40,6328.181818
2022/7/5 9:45,6330.454545
2022/7/5 9:50,6332.727273
2022/7/5 9:55,6335
2022/7/5 10:00,6337.272727
2022/7/5 10:05,6339.545455
2022/7/5 10:10,6341.818182
2022/7/5 10:15,6344.090909
2022/7/5 10:20,6346.363636
2022/7/5 10:25,6348.636364
2022/7/5 10:30,6350.909091
2022/7/5 10:35,6353.181818
2022/7/5 10:40,6355.454545
2022/7/5 10:45,6357.727273
2022/7/5 10:50,6360
2022/7/5 10:55,6350
2022/7/5 11:00,6360
2022/7/5 11:05,6361.388889
2022/7/5 11:10,6362.777778
2022/7/5 11:15,6364.166667
2022/7/5 11:20,6365.555556
2022/7/5 11:25,6366.944444
2022/7/5 11:30,6368.333333
2022/7/5 11:35,6369.722222
2022/7/5 11:40,6371.111111
2022/7/5 11:45,6372.5
2022/7/5 11:50,6373.888889
2022/7/5 11:55,6375.277778
2022/7/5 12:00,6376.666667
2022/7/5 12:05,6378.055556
2022/7/5 12:10,6379.444444
2022/7/5 12:15,6380.833333
2022/7/5 12:20,6382.222222
2022/7/5 12:25,6383.611111
2022/7/5 12:30,6385
2022/7/5 12:35,6386.388889
2022/7/5 12:40,6387.777778
2022/7/5 12:45,6389.166667
2022/7/5 12:50,6390.555556
2022/7/5 12:55,6391.944444
2022/7/5 13:00,6393.333333
2022/7/5 13:05,6394.722222
2022/7/5 13:10,6396.111111
2022/7/5 13:15,6397.5
2022/7/5 13:20,6398.888889
2022/7/5 13:25,6400.277778
2022/7/5 13:30,6401.666667
2022/7/5 13:35,6403.055556
2022/7/5 13:40,6404.444444
2022/7/5 13:45,6405.833333
2022/7/5 13:50,6407.222222
2022/7/5 13:55,6408.611111
2022/7/5 14:00,6410
2022/7/5 14:05,6410.740741
2022/7/5 14:10,6411.481481
2022/7/5 14:15,6412.222222
2022/7/5 14:20,6412.962963
2022/7/5 14:25,6413.703704
2022/7/5 14:30,6414.444444
2022/7/5 14:35,6415.185185
2022/7/5 14:40,6415.925926
2022/7/5 14:45,6416.666667
2022/7/5 14:50,6417.407407
2022/7/5 14:55,6418.148148
2022/7/5 15:00,6418.888889
2022/7/5 15:05,6419.62963
2022/7/5 15:10,6420.37037
2022/7/5 15:15,6421.111111
2022/7/5 15:20,6421.851852
2022/7/5 15:25,6422.592593
2022/7/5 15:30,6423.333333
2022/7/5 15:35,6424.074074
2022/7/5 15:40,6424.814815
2022/7/5 15:45,6425.555556
2022/7/5 15:50,6426.296296
2022/7/5 15:55,6427.037037
2022/7/5 16:00,6427.777778
2022/7/5 16:05,6428.518519
2022/7/5 16:10,6429.259259
2022/7/5 16:15,6430
2022/7/5 16:20,6430.740741
2022/7/5 16:25,6431.481481
2022/7/5 16:30,6432.222222
2022/7/5 16:35,6432.962963
2022/7/5 16:40,6433.703704
2022/7/5 16:45,6434.444444
2022/7/5 16:50,6435.185185
2022/7/5 16:55,6435.925926
2022/7/5 17:00,6436.666667
2022/7/5 17:05,6437.407407
2022/7/5 17:10,6438.148148
2022/7/5 17:15,6438.888889
2022/7/5 17:20,6439.62963
2022/7/5 17:25,6440.37037
2022/7/5 17:30,6441.111111
2022/7/5 17:35,6441.851852
2022/7/5 17:40,6442.592593
2022/7/5 17:45,6443.333333
2022/7/5 17:50,6444.074074
2022/7/5 17:55,6444.814815
2022/7/5 18:00,6445.555556
2022/7/5 18:05,6446.296296
2022/7/5 18:10,6447.037037
2022/7/5 18:15,6447.777778
2022/7/5 18:20,6448.518519
2022/7/5 18:25,6449.259259
2022/7/5 18:30,6450
2022/7/5 18:35,6455
2022/7/5 18:40,6460
2022/7/5 18:45,6435
2022/7/5 18:50,6410
2022/7/5 18:55,6385
2022/7/5 19:00,6360
2022/7/5 19:05,6335
2022/7/5 19:10,6310
2022/7/5 19:15,6285
2022/7/5 19:20,6260
2022/7/5 19:25,6360
2022/7/5 19:30,6460
2022/7/5 19:35,6426.25
2022/7/5 19:40,6392.5
2022/7/5 19:45,6358.75
2022/7/5 19:50,6325
2022/7/5 19:55,6291.25
2022/7/5 20:00,6257.5
2022/7/5 20:05,6223.75
2022/7/5 20:10,6190
2022/7/5 20:15,6257.5
2022/7/5 20:20,6325
2022/7/5 20:25,6392.5
2022/7/5 20:30,6460
2022/7/5 20:35,6448.888889
2022/7/5 20:40,6437.777778
2022/7/5 20:45,6426.666667
2022/7/5 20:50,6415.555556
2022/7/5 20:55,6404.444444
2022/7/5 21:00,6393.333333
2022/7/5 21:05,6382.222222
2022/7/5 21:10,6371.111111
2022/7/5 21:15,6360
2022/7/5 21:20,6348.888889
2022/7/5 21:25,6337.777778
2022/7/5 21:30,6326.666667
2022/7/5 21:35,6315.555556
2022/7/5 21:40,6304.444444
2022/7/5 21:45,6293.333333
2022/7/5 21:50,6282.222222
2022/7/5 21:55,6271.111111
2022/7/5 22:00,6260
2022/7/5 22:05,6260
2022/7/5 22:10,6460
2022/7/5 22:15,6447.727273
2022/7/5 22:20,6435.454545
2022/7/5 22:25,6423.181818
2022/7/5 22:30,6410.909091
2022/7/5 22:35,6398.636364
2022/7/5 22:40,6386.363636
2022/7/5 22:45,6374.090909
2022/7/5 22:50,6361.818182
2022/7/5 22:55,6349.545455
2022/7/5 23:00,6337.272727
2022/7/5 23:05,6325
2022/7/5 23:10,6312.727273
2022/7/5 23:15,6300.454545
2022/7/5 23:20,6288.181818
2022/7/5 23:25,6275.909091
2022/7/5 23:30,6263.636364
2022/7/5 23:35,6251.363636
2022/7/5 23:40,6239.090909
2022/7/5 23:45,6226.818182
2022/7/5 23:50,6214.545455
2022/7/5 23:55,6202.272727
2022/7/6 0:00,6190
2022/7/6 0:05,6172.5
2022/7/6 0:10,6155
2022/7/6 0:15,6137.5
2022/7/6 0:20,6120
2022/7/6 0:25,6102.5
2022/7/6 0:30,6085
2022/7/6 0:35,6067.5
2022/7/6 0:40,6050
2022/7/6 0:45,6032.5
2022/7/6 0:50,6015
2022/7/6 0:55,5997.5
2022/7/6 1:00,5980
2022/7/6 1:05,5962.5
2022/7/6 1:10,5945
2022/7/6 1:15,5927.5
2022/7/6 1:20,5910
2022/7/6 1:25,5892.5
2022/7/6 1:30,5875
2022/7/6 1:35,5857.5
2022/7/6 1:40,5840
2022/7/6 1:45,5822.5
2022/7/6 1:50,5805
2022/7/6 1:55,5787.5
2022/7/6 2:00,5770
2022/7/6 2:05,5759.027778
2022/7/6 2:10,5748.055556
2022/7/6 2:15,5737.083333
2022/7/6 2:20,5726.111111
2022/7/6 2:25,5715.138889
2022/7/6 2:30,5704.166667
2022/7/6 2:35,5693.194444
2022/7/6 2:40,5682.222222
2022/7/6 2:45,5671.25
2022/7/6 2:50,5660.277778
2022/7/6 2:55,5649.305556
2022/7/6 3:00,5638.333333
2022/7/6 3:05,5627.361111
2022/7/6 3:10,5616.388889
2022/7/6 3:15,5605.416667
2022/7/6 3:20,5594.444444
2022/7/6 3:25,5583.472222
2022/7/6 3:30,5572.5
2022/7/6 3:35,5561.527778
2022/7/6 3:40,5550.555556
2022/7/6 3:45,5539.583333
2022/7/6 3:50,5528.611111
2022/7/6 3:55,5517.638889
2022/7/6 4:00,5506.666667
2022/7/6 4:05,5495.694444
2022/7/6 4:10,5484.722222
2022/7/6 4:15,5473.75
2022/7/6 4:20,5462.777778
2022/7/6 4:25,5451.805556
2022/7/6 4:30,5440.833333
2022/7/6 4:35,5429.861111
2022/7/6 4:40,5418.888889
2022/7/6 4:45,5407.916667
2022/7/6 4:50,5396.944444
2022/7/6 4:55,5385.972222
2022/7/6 5:00,5375
2022/7/6 5:05,5364.027778
2022/7/6 5:10,5353.055556
2022/7/6 5:15,5342.083333
2022/7/6 5:20,5331.111111
2022/7/6 5:25,5320.138889
2022/7/6 5:30,5309.166667
2022/7/6 5:35,5298.194444
2022/7/6 5:40,5287.222222
2022/7/6 5:45,5276.25
2022/7/6 5:50,5265.277778
2022/7/6 5:55,5254.305556
2022/7/6 6:00,5243.333333
2022/7/6 6:05,5232.361111
2022/7/6 6:10,5221.388889
2022/7/6 6:15,5210.416667
2022/7/6 6:20,5199.444444
2022/7/6 6:25,5188.472222
2022/7/6 6:30,5177.5
2022/7/6 6:35,5166.527778
2022/7/6 6:40,5155.555556
2022/7/6 6:45,5144.583333
2022/7/6 6:50,5133.611111
2022/7/6 6:55,5122.638889
2022/7/6 7:00,5111.666667
2022/7/6 7:05,5100.694444
2022/7/6 7:10,5089.722222
2022/7/6 7:15,5078.75
2022/7/6 7:20,5067.777778
2022/7/6 7:25,5056.805556
2022/7/6 7:30,5045.833333
2022/7/6 7:35,5034.861111
2022/7/6 7:40,5023.888889
2022/7/6 7:45,5012.916667
2022/7/6 7:50,5001.944444
2022/7/6 7:55,4990.972222
2022/7/6 8:00,4980
2022/7/6 8:05,4975
2022/7/6 8:10,4970
2022/7/6 8:15,4965
2022/7/6 8:20,4960
2022/7/6 8:25,4955
2022/7/6 8:30,4950
2022/7/6 8:35,4945
2022/7/6 8:40,4940
2022/7/6 8:45,4935
2022/7/6 8:50,4930
2022/7/6 8:55,4925
2022/7/6 9:00,4920
2022/7/6 9:05,4915
2022/7/6 9:10,4910
2022/7/6 9:15,4905
2022/7/6 9:20,4900
2022/7/6 9:25,4895
2022/7/6 9:30,4890
2022/7/6 9:35,4885
2022/7/6 9:40,4880
2022/7/6 9:45,4875
2022/7/6 9:50,4870
2022/7/6 9:55,4865
2022/7/6 10:00,4860
2022/7/6 10:05,4855
2022/7/6 10:10,4850
2022/7/6 10:15,4845
2022/7/6 10:20,4840
2022/7/6 10:25,4835
2022/7/6 10:30,4830
2022/7/6 10:35,4825
2022/7/6 10:40,4820
2022/7/6 10:45,4815
2022/7/6 10:50,4810
2022/7/6 10:55,4805
2022/7/6 11:00,4800
2022/7/6 11:05,4730
2022/7/6 11:10,4726.478873
2022/7/6 11:15,4722.957746
2022/7/6 11:20,4719.43662
2022/7/6 11:25,4715.915493
2022/7/6 11:30,4712.394366
2022/7/6 11:35,4708.873239
2022/7/6 11:40,4705.352113
2022/7/6 11:45,4701.830986
2022/7/6 11:50,4698.309859
2022/7/6 11:55,4694.788732
2022/7/6 12:00,4691.267606
2022/7/6 12:05,4687.746479
2022/7/6 12:10,4684.225352
2022/7/6 12:15,4680.704225
2022/7/6 12:20,4677.183099
2022/7/6 12:25,4673.661972
2022/7/6 12:30,4670.140845
2022/7/6 12:35,4666.619718
2022/7/6 12:40,4663.098592
2022/7/6 12:45,4659.577465
2022/7/6 12:50,4656.056338
2022/7/6 12:55,4652.535211
2022/7/6 13:00,4649.014085
2022/7/6 13:05,4645.492958
2022/7/6 13:10,4641.971831
2022/7/6 13:15,4638.450704
2022/7/6 13:20,4634.929577
2022/7/6 13:25,4631.408451
2022/7/6 13:30,4627.887324
2022/7/6 13:35,4624.366197
2022/7/6 13:40,4620.84507
2022/7/6 13:45,4617.323944
2022/7/6 13:50,4613.802817
2022/7/6 13:55,4610.28169
2022/7/6 14:00,4606.760563
2022/7/6 14:05,4603.239437
2022/7/6 14:10,4599.71831
2022/7/6 14:15,4596.197183
2022/7/6 14:20,4592.676056
2022/7/6 14:25,4589.15493
2022/7/6 14:30,4585.633803
2022/7/6 14:35,4582.112676
2022/7/6 14:40,4578.591549
2022/7/6 14:45,4575.070423
2022/7/6 14:50,4571.549296
2022/7/6 14:55,4568.028169
2022/7/6 15:00,4564.507042
2022/7/6 15:05,4560.985915
2022/7/6 15:10,4557.464789
2022/7/6 15:15,4553.943662
2022/7/6 15:20,4550.422535
2022/7/6 15:25,4546.901408
2022/7/6 15:30,4543.380282
2022/7/6 15:35,4539.859155
2022/7/6 15:40,4536.338028
2022/7/6 15:45,4532.816901
2022/7/6 15:50,4529.295775
2022/7/6 15:55,4525.774648
2022/7/6 16:00,4522.253521
2022/7/6 16:05,4518.732394
2022/7/6 16:10,4515.211268
2022/7/6 16:15,4511.690141
2022/7/6 16:20,4508.169014
2022/7/6 16:25,4504.647887
2022/7/6 16:30,4501.126761
2022/7/6 16:35,4497.605634
2022/7/6 16:40,4494.084507
2022/7/6 16:45,4490.56338
2022/7/6 16:50,4487.042254
2022/7/6 16:55,4483.521127
2022/7/6 17:00,4480
2022/7/6 17:05,4242.962963
2022/7/6 17:10,4245.925926
2022/7/6 17:15,4248.888889
2022/7/6 17:20,4251.851852
2022/7/6 17:25,4254.814815
2022/7/6 17:30,4257.777778
2022/7/6 17:35,4260.740741
2022/7/6 17:40,4263.703704
2022/7/6 17:45,4266.666667
2022/7/6 17:50,4269.62963
2022/7/6 17:55,4272.592593
2022/7/6 18:00,4275.555556
2022/7/6 18:05,4278.518519
2022/7/6 18:10,4281.481481
2022/7/6 18:15,4284.444444
2022/7/6 18:20,4287.407407
2022/7/6 18:25,4290.37037
2022/7/6 18:30,4293.333333
2022/7/6 18:35,4296.296296
2022/7/6 18:40,4299.259259
2022/7/6 18:45,4302.222222
2022/7/6 18:50,4305.185185
2022/7/6 18:55,4308.148148
2022/7/6 19:00,4311.111111
2022/7/6 19:05,4314.074074
2022/7/6 19:10,4317.037037
2022/7/6 19:15,4320
2022/7/6 19:20,4322.962963
2022/7/6 19:25,4325.925926
2022/7/6 19:30,4328.888889
2022/7/6 19:35,4331.851852
2022/7/6 19:40,4334.814815
2022/7/6 19:45,4337.777778
2022/7/6 19:50,4340.740741
2022/7/6 19:55,4343.703704
2022/7/6 20:00,4346.666667
2022/7/6 20:05,4349.62963
2022/7/6 20:10,4352.592593
2022/7/6 20:15,4355.555556
2022/7/6 20:20,4358.518519
2022/7/6 20:25,4361.481481
2022/7/6 20:30,4364.444444
2022/7/6 20:35,4367.407407
2022/7/6 20:40,4370.37037
2022/7/6 20:45,4373.333333
2022/7/6 20:50,4376.296296
2022/7/6 20:55,4379.259259
2022/7/6 21:00,4382.222222
2022/7/6 21:05,4385.185185
2022/7/6 21:10,4388.148148
2022/7/6 21:15,4391.111111
2022/7/6 21:20,4394.074074
2022/7/6 21:25,4397.037037
2022/7/6 21:30,4400
2022/7/6 21:35,4402.962963
2022/7/6 21:40,4405.925926
2022/7/6 21:45,4408.888889
2022/7/6 21:50,4411.851852
2022/7/6 21:55,4414.814815
2022/7/6 22:00,4417.777778
2022/7/6 22:05,4420.740741
2022/7/6 22:10,4423.703704
2022/7/6 22:15,4426.666667
2022/7/6 22:20,4429.62963
2022/7/6 22:25,4432.592593
2022/7/6 22:30,4435.555556
2022/7/6 22:35,4438.518519
2022/7/6 22:40,4441.481481
2022/7/6 22:45,4444.444444
2022/7/6 22:50,4447.407407
2022/7/6 22:55,4450.37037
2022/7/6 23:00,4453.333333
2022/7/6 23:05,4456.296296
2022/7/6 23:10,4459.259259
2022/7/6 23:15,4462.222222
2022/7/6 23:20,4465.185185
2022/7/6 23:25,4468.148148
2022/7/6 23:30,4471.111111
2022/7/6 23:35,4474.074074
2022/7/6 23:40,4477.037037
2022/7/6 23:45,4240
2022/7/6 23:50,4240
2022/7/6 23:55,4240
2022/7/7 0:00,4240
2022/7/7 0:05,4238.333333
2022/7/7 0:10,4236.666667
2022/7/7 0:15,4235
2022/7/7 0:20,4233.333333
2022/7/7 0:25,4231.666667
2022/7/7 0:30,4230
2022/7/7 0:35,4228.333333
2022/7/7 0:40,4226.666667
2022/7/7 0:45,4225
2022/7/7 0:50,4223.333333
2022/7/7 0:55,4221.666667
2022/7/7 1:00,4220
2022/7/7 1:05,4218.333333
2022/7/7 1:10,4216.666667
2022/7/7 1:15,4215
2022/7/7 1:20,4213.333333
2022/7/7 1:25,4211.666667
2022/7/7 1:30,4210
2022/7/7 1:35,4208.333333
2022/7/7 1:40,4206.666667
2022/7/7 1:45,4205
2022/7/7 1:50,4203.333333
2022/7/7 1:55,4201.666667
2022/7/7 2:00,4200
2022/7/7 2:05,4199.166667
2022/7/7 2:10,4198.333333
2022/7/7 2:15,4197.5
2022/7/7 2:20,4196.666667
2022/7/7 2:25,4195.833333
2022/7/7 2:30,4195
2022/7/7 2:35,4194.166667
2022/7/7 2:40,4193.333333
2022/7/7 2:45,4192.5
2022/7/7 2:50,4191.666667
2022/7/7 2:55,4190.833333
2022/7/7 3:00,4190
2022/7/7 3:05,4189.166667
2022/7/7 3:10,4188.333333
2022/7/7 3:15,4187.5
2022/7/7 3:20,4186.666667
2022/7/7 3:25,4185.833333
2022/7/7 3:30,4185
2022/7/7 3:35,4184.166667
2022/7/7 3:40,4183.333333
2022/7/7 3:45,4182.5
2022/7/7 3:50,4181.666667
2022/7/7 3:55,4180.833333
2022/7/7 4:00,4180
2022/7/7 4:05,4179.166667
2022/7/7 4:10,4178.333333
2022/7/7 4:15,4177.5
2022/7/7 4:20,4176.666667
2022/7/7 4:25,4175.833333
2022/7/7 4:30,4175
2022/7/7 4:35,4174.166667
2022/7/7 4:40,4173.333333
2022/7/7 4:45,4172.5
2022/7/7 4:50,4171.666667
2022/7/7 4:55,4170.833333
2022/7/7 5:00,4170
2022/7/7 5:05,4169.444444
2022/7/7 5:10,4168.888889
2022/7/7 5:15,4168.333333
2022/7/7 5:20,4167.777778
2022/7/7 5:25,4167.222222
2022/7/7 5:30,4166.666667
2022/7/7 5:35,4166.111111
2022/7/7 5:40,4165.555556
2022/7/7 5:45,4165
2022/7/7 5:50,4164.444444
2022/7/7 5:55,4163.888889
2022/7/7 6:00,4163.333333
2022/7/7 6:05,4162.777778
2022/7/7 6:10,4162.222222
2022/7/7 6:15,4161.666667
2022/7/7 6:20,4161.111111
2022/7/7 6:25,4160.555556
2022/7/7 6:30,4160
2022/7/7 6:35,4159.444444
2022/7/7 6:40,4158.888889
2022/7/7 6:45,4158.333333
2022/7/7 6:50,4157.777778
2022/7/7 6:55,4157.222222
2022/7/7 7:00,4156.666667
2022/7/7 7:05,4156.111111
2022/7/7 7:10,4155.555556
2022/7/7 7:15,4155
2022/7/7 7:20,4154.444444
2022/7/7 7:25,4153.888889
2022/7/7 7:30,4153.333333
2022/7/7 7:35,4152.777778
2022/7/7 7:40,4152.222222
2022/7/7 7:45,4151.666667
2022/7/7 7:50,4151.111111
2022/7/7 7:55,4150.555556
2022/7/7 8:00,4150
2022/7/7 8:05,4176.666667
2022/7/7 8:10,4203.333333
2022/7/7 8:15,4230
2022/7/7 8:20,4256.666667
2022/7/7 8:25,4283.333333
2022/7/7 8:30,4310
2022/7/7 8:35,4313.787879
2022/7/7 8:40,4317.575758
2022/7/7 8:45,4321.363636
2022/7/7 8:50,4325.151515
2022/7/7 8:55,4328.939394
2022/7/7 9:00,4332.727273
2022/7/7 9:05,4336.515152
2022/7/7 9:10,4340.30303
2022/7/7 9:15,4344.090909
2022/7/7 9:20,4347.878788
2022/7/7 9:25,4351.666667
2022/7/7 9:30,4355.454545
2022/7/7 9:35,4359.242424
2022/7/7 9:40,4363.030303
2022/7/7 9:45,4366.818182
2022/7/7 9:50,4370.606061
2022/7/7 9:55,4374.393939
2022/7/7 10:00,4378.181818
2022/7/7 10:05,4381.969697
2022/7/7 10:10,4385.757576
2022/7/7 10:15,4389.545455
2022/7/7 10:20,4393.333333
2022/7/7 10:25,4397.121212
2022/7/7 10:30,4400.909091
2022/7/7 10:35,4404.69697
2022/7/7 10:40,4408.484848
2022/7/7 10:45,4412.272727
2022/7/7 10:50,4416.060606
2022/7/7 10:55,4419.848485
2022/7/7 11:00,4423.636364
2022/7/7 11:05,4427.424242
2022/7/7 11:10,4431.212121
2022/7/7 11:15,4435
2022/7/7 11:20,4438.787879
2022/7/7 11:25,4442.575758
2022/7/7 11:30,4446.363636
2022/7/7 11:35,4450.151515
2022/7/7 11:40,4453.939394
2022/7/7 11:45,4457.727273
2022/7/7 11:50,4461.515152
2022/7/7 11:55,4465.30303
2022/7/7 12:00,4469.090909
2022/7/7 12:05,4472.878788
2022/7/7 12:10,4476.666667
2022/7/7 12:15,4480.454545
2022/7/7 12:20,4484.242424
2022/7/7 12:25,4488.030303
2022/7/7 12:30,4491.818182
2022/7/7 12:35,4495.606061
2022/7/7 12:40,4499.393939
2022/7/7 12:45,4503.181818
2022/7/7 12:50,4506.969697
2022/7/7 12:55,4510.757576
2022/7/7 13:00,4514.545455
2022/7/7 13:05,4518.333333
2022/7/7 13:10,4522.121212
2022/7/7 13:15,4525.909091
2022/7/7 13:20,4529.69697
2022/7/7 13:25,4533.484848
2022/7/7 13:30,4537.272727
2022/7/7 13:35,4541.060606
2022/7/7 13:40,4544.848485
2022/7/7 13:45,4548.636364
2022/7/7 13:50,4552.424242
2022/7/7 13:55,4556.212121
2022/7/7 14:00,4560
2022/7/7 14:05,4560
2022/7/7 14:10,4560
2022/7/7 14:15,4560
2022/7/7 14:20,4560
2022/7/7 14:25,4560
2022/7/7 14:30,4560
2022/7/7 14:35,4560
2022/7/7 14:40,4560
2022/7/7 14:45,4560
2022/7/7 14:50,4560
2022/7/7 14:55,4560
2022/7/7 15:00,4560
2022/7/7 15:05,4560
2022/7/7 15:10,4560
2022/7/7 15:15,4560
2022/7/7 15:20,4560
2022/7/7 15:25,4560
2022/7/7 15:30,4560
2022/7/7 15:35,4560
2022/7/7 15:40,4560
2022/7/7 15:45,4560
2022/7/7 15:50,4560
2022/7/7 15:55,4560
2022/7/7 16:00,4560
2022/7/7 16:05,4557.5
2022/7/7 16:10,4555
2022/7/7 16:15,4552.5
2022/7/7 16:20,4550
2022/7/7 16:25,4547.5
2022/7/7 16:30,4545
2022/7/7 16:35,4542.5
2022/7/7 16:40,4540
2022/7/7 16:45,4537.5
2022/7/7 16:50,4535
2022/7/7 16:55,4532.5
2022/7/7 17:00,4530
2022/7/7 17:05,4527.5
2022/7/7 17:10,4525
2022/7/7 17:15,4522.5
2022/7/7 17:20,4520
2022/7/7 17:25,4517.5
2022/7/7 17:30,4515
2022/7/7 17:35,4512.5
2022/7/7 17:40,4510
2022/7/7 17:45,4507.5
2022/7/7 17:50,4505
2022/7/7 17:55,4502.5
2022/7/7 18:00,4500
2022/7/7 18:05,4495.666667
2022/7/7 18:10,4491.333333
2022/7/7 18:15,4487
2022/7/7 18:20,4482.666667
2022/7/7 18:25,4478.333333
2022/7/7 18:30,4474
2022/7/7 18:35,4469.666667
2022/7/7 18:40,4465.333333
2022/7/7 18:45,4461
2022/7/7 18:50,4456.666667
2022/7/7 18:55,4452.333333
2022/7/7 19:00,4448
2022/7/7 19:05,4443.666667
2022/7/7 19:10,4439.333333
2022/7/7 19:15,4435
2022/7/7 19:20,4430.666667
2022/7/7 19:25,4426.333333
2022/7/7 19:30,4422
2022/7/7 19:35,4417.666667
2022/7/7 19:40,4413.333333
2022/7/7 19:45,4409
2022/7/7 19:50,4404.666667
2022/7/7 19:55,4400.333333
2022/7/7 20:00,4396
2022/7/7 20:05,4391.666667
2022/7/7 20:10,4387.333333
2022/7/7 20:15,4383
2022/7/7 20:20,4378.666667
2022/7/7 20:25,4374.333333
2022/7/7 20:30,4370
2022/7/7 20:35,4365.666667
2022/7/7 20:40,4361.333333
2022/7/7 20:45,4357
2022/7/7 20:50,4352.666667
2022/7/7 20:55,4348.333333
2022/7/7 21:00,4344
2022/7/7 21:05,4339.666667
2022/7/7 21:10,4335.333333
2022/7/7 21:15,4331
2022/7/7 21:20,4326.666667
2022/7/7 21:25,4322.333333
2022/7/7 21:30,4318
2022/7/7 21:35,4313.666667
2022/7/7 21:40,4309.333333
2022/7/7 21:45,4305
2022/7/7 21:50,4300.666667
2022/7/7 21:55,4296.333333
2022/7/7 22:00,4292
2022/7/7 22:05,4287.666667
2022/7/7 22:10,4283.333333
2022/7/7 22:15,4279
2022/7/7 22:20,4274.666667
2022/7/7 22:25,4270.333333
2022/7/7 22:30,4266
2022/7/7 22:35,4261.666667
2022/7/7 22:40,4257.333333
2022/7/7 22:45,4253
2022/7/7 22:50,4248.666667
2022/7/7 22:55,4244.333333
2022/7/7 23:00,4240
2022/7/7 23:05,4233.636364
2022/7/7 23:10,4227.272727
2022/7/7 23:15,4220.909091
2022/7/7 23:20,4214.545455
2022/7/7 23:25,4208.181818
2022/7/7 23:30,4201.818182
2022/7/7 23:35,4195.454545
2022/7/7 23:40,4189.090909
2022/7/7 23:45,4182.727273
2022/7/7 23:50,4176.363636
2022/7/7 23:55,4170
2022/7/8 0:00,4160
2022/7/8 0:05,4153.571429
2022/7/8 0:10,4147.142857
2022/7/8 0:15,4140.714286
2022/7/8 0:20,4134.285714
2022/7/8 0:25,4127.857143
2022/7/8 0:30,4121.428571
2022/7/8 0:35,4115
2022/7/8 0:40,4108.571429
2022/7/8 0:45,4102.142857
2022/7/8 0:50,4095.714286
2022/7/8 0:55,4089.285714
2022/7/8 1:00,4082.857143
2022/7/8 1:05,4076.428571
2022/7/8 1:10,4070
2022/7/8 1:15,4063.571429
2022/7/8 1:20,4057.142857
2022/7/8 1:25,4050.714286
2022/7/8 1:30,4044.285714
2022/7/8 1:35,4037.857143
2022/7/8 1:40,4031.428571
2022/7/8 1:45,4025
2022/7/8 1:50,4018.571429
2022/7/8 1:55,4012.142857
2022/7/8 2:00,4005.714286
2022/7/8 2:05,3999.285714
2022/7/8 2:10,3992.857143
2022/7/8 2:15,3986.428571
2022/7/8 2:20,3980
2022/7/8 2:25,3973.571429
2022/7/8 2:30,3967.142857
2022/7/8 2:35,3960.714286
2022/7/8 2:40,3954.285714
2022/7/8 2:45,3947.857143
2022/7/8 2:50,3941.428571
2022/7/8 2:55,3935
2022/7/8 3:00,3928.571429
2022/7/8 3:05,3922.142857
2022/7/8 3:10,3915.714286
2022/7/8 3:15,3909.285714
2022/7/8 3:20,3902.857143
2022/7/8 3:25,3896.428571
2022/7/8 3:30,3890
2022/7/8 3:35,3883.571429
2022/7/8 3:40,3877.142857
2022/7/8 3:45,3870.714286
2022/7/8 3:50,3864.285714
2022/7/8 3:55,3857.857143
2022/7/8 4:00,3851.428571
2022/7/8 4:05,3845
2022/7/8 4:10,3838.571429
2022/7/8 4:15,3832.142857
2022/7/8 4:20,3825.714286
2022/7/8 4:25,3819.285714
2022/7/8 4:30,3812.857143
2022/7/8 4:35,3806.428571
2022/7/8 4:40,3800
2022/7/8 4:45,3793.571429
2022/7/8 4:50,3787.142857
2022/7/8 4:55,3780.714286
2022/7/8 5:00,3774.285714
2022/7/8 5:05,3767.857143
2022/7/8 5:10,3761.428571
2022/7/8 5:15,3755
2022/7/8 5:20,3748.571429
2022/7/8 5:25,3742.142857
2022/7/8 5:30,3735.714286
2022/7/8 5:35,3729.285714
2022/7/8 5:40,3722.857143
2022/7/8 5:45,3716.428571
2022/7/8 5:50,3710
2022/7/8 5:55,3703.571429
2022/7/8 6:00,3697.142857
2022/7/8 6:05,3690.714286
2022/7/8 6:10,3684.285714
2022/7/8 6:15,3677.857143
2022/7/8 6:20,3671.428571
2022/7/8 6:25,3665
2022/7/8 6:30,3658.571429
2022/7/8 6:35,3652.142857
2022/7/8 6:40,3645.714286
2022/7/8 6:45,3639.285714
2022/7/8 6:50,3632.857143
2022/7/8 6:55,3626.428571
2022/7/8 7:00,3620
2022/7/8 7:05,3608.333333
2022/7/8 7:10,3596.666667
2022/7/8 7:15,3585
2022/7/8 7:20,3573.333333
2022/7/8 7:25,3561.666667
2022/7/8 7:30,3550
2022/7/8 7:35,3546.666667
2022/7/8 7:40,3543.333333
2022/7/8 7:45,3540
2022/7/8 7:50,3536.666667
2022/7/8 7:55,3533.333333
2022/7/8 8:00,3530
2022/7/8 8:05,3523.333333
2022/7/8 8:10,3516.666667
2022/7/8 8:15,3510
2022/7/8 8:20,3503.333333
2022/7/8 8:25,3496.666667
2022/7/8 8:30,3490
2022/7/8 8:35,3483.333333
2022/7/8 8:40,3476.666667
2022/7/8 8:45,3470
2022/7/8 8:50,3463.333333
2022/7/8 8:55,3456.666667
2022/7/8 9:00,3450
2022/7/8 9:05,3443.452381
2022/7/8 9:10,3436.904762
2022/7/8 9:15,3430.357143
2022/7/8 9:20,3423.809524
2022/7/8 9:25,3417.261905
2022/7/8 9:30,3410.714286
2022/7/8 9:35,3404.166667
2022/7/8 9:40,3397.619048
2022/7/8 9:45,3391.071429
2022/7/8 9:50,3384.52381
2022/7/8 9:55,3377.97619
2022/7/8 10:00,3371.428571
2022/7/8 10:05,3364.880952
2022/7/8 10:10,3358.333333
2022/7/8 10:15,3351.785714
2022/7/8 10:20,3345.238095
2022/7/8 10:25,3338.690476
2022/7/8 10:30,3332.142857
2022/7/8 10:35,3325.595238
2022/7/8 10:40,3319.047619
2022/7/8 10:45,3312.5
2022/7/8 10:50,3305.952381
2022/7/8 10:55,3299.404762
2022/7/8 11:00,3292.857143
2022/7/8 11:05,3286.309524
2022/7/8 11:10,3279.761905
2022/7/8 11:15,3273.214286
2022/7/8 11:20,3266.666667
2022/7/8 11:25,3260.119048
2022/7/8 11:30,3253.571429
2022/7/8 11:35,3247.02381
2022/7/8 11:40,3240.47619
2022/7/8 11:45,3233.928571
2022/7/8 11:50,3227.380952
2022/7/8 11:55,3220.833333
2022/7/8 12:00,3214.285714
2022/7/8 12:05,3207.738095
2022/7/8 12:10,3201.190476
2022/7/8 12:15,3194.642857
2022/7/8 12:20,3188.095238
2022/7/8 12:25,3181.547619
2022/7/8 12:30,3175
2022/7/8 12:35,3168.452381
2022/7/8 12:40,3161.904762
2022/7/8 12:45,3155.357143
2022/7/8 12:50,3148.809524
2022/7/8 12:55,3142.261905
2022/7/8 13:00,3135.714286
2022/7/8 13:05,3129.166667
2022/7/8 13:10,3122.619048
2022/7/8 13:15,3116.071429
2022/7/8 13:20,3109.52381
2022/7/8 13:25,3102.97619
2022/7/8 13:30,3096.428571
2022/7/8 13:35,3089.880952
2022/7/8 13:40,3083.333333
2022/7/8 13:45,3076.785714
2022/7/8 13:50,3070.238095
2022/7/8 13:55,3063.690476
2022/7/8 14:00,3057.142857
2022/7/8 14:05,3050.595238
2022/7/8 14:10,3044.047619
2022/7/8 14:15,3037.5
2022/7/8 14:20,3030.952381
2022/7/8 14:25,3024.404762
2022/7/8 14:30,3017.857143
2022/7/8 14:35,3011.309524
2022/7/8 14:40,3004.761905
2022/7/8 14:45,2998.214286
2022/7/8 14:50,2991.666667
2022/7/8 14:55,2985.119048
2022/7/8 15:00,2978.571429
2022/7/8 15:05,2972.02381
2022/7/8 15:10,2965.47619
2022/7/8 15:15,2958.928571
2022/7/8 15:20,2952.380952
2022/7/8 15:25,2945.833333
2022/7/8 15:30,2939.285714
2022/7/8 15:35,2932.738095
2022/7/8 15:40,2926.190476
2022/7/8 15:45,2919.642857
2022/7/8 15:50,2913.095238
2022/7/8 15:55,2906.547619
2022/7/8 16:00,2900
2022/7/8 16:05,2892.446809
2022/7/8 16:10,2884.893617
2022/7/8 16:15,2877.340426
2022/7/8 16:20,2869.787234
2022/7/8 16:25,2862.234043
2022/7/8 16:30,2854.680851
2022/7/8 16:35,2847.12766
2022/7/8 16:40,2839.574468
2022/7/8 16:45,2832.021277
2022/7/8 16:50,2824.468085
2022/7/8 16:55,2816.914894
2022/7/8 17:00,2809.361702
2022/7/8 17:05,2801.808511
2022/7/8 17:10,2794.255319
2022/7/8 17:15,2786.702128
2022/7/8 17:20,2779.148936
2022/7/8 17:25,2771.595745
2022/7/8 17:30,2764.042553
2022/7/8 17:35,2756.489362
2022/7/8 17:40,2748.93617
2022/7/8 17:45,2741.382979
2022/7/8 17:50,2733.829787
2022/7/8 17:55,2726.276596
2022/7/8 18:00,2718.723404
2022/7/8 18:05,2711.170213
2022/7/8 18:10,2703.617021
2022/7/8 18:15,2696.06383
2022/7/8 18:20,2688.510638
2022/7/8 18:25,2680.957447
2022/7/8 18:30,2673.404255
2022/7/8 18:35,2665.851064
2022/7/8 18:40,2658.297872
2022/7/8 18:45,2650.744681
2022/7/8 18:50,2643.191489
2022/7/8 18:55,2635.638298
2022/7/8 19:00,2628.085106
2022/7/8 19:05,2620.531915
2022/7/8 19:10,2612.978723
2022/7/8 19:15,2605.425532
2022/7/8 19:20,2597.87234
2022/7/8 19:25,2590.319149
2022/7/8 19:30,2582.765957
2022/7/8 19:35,2575.212766
2022/7/8 19:40,2567.659574
2022/7/8 19:45,2560.106383
2022/7/8 19:50,2552.553191
2022/7/8 19:55,2545
2022/7/8 20:00,2537.446809
2022/7/8 20:05,2529.893617
2022/7/8 20:10,2522.340426
2022/7/8 20:15,2514.787234
2022/7/8 20:20,2507.234043
2022/7/8 20:25,2499.680851
2022/7/8 20:30,2492.12766
2022/7/8 20:35,2484.574468
2022/7/8 20:40,2477.021277
2022/7/8 20:45,2469.468085
2022/7/8 20:50,2461.914894
2022/7/8 20:55,2454.361702
2022/7/8 21:00,2446.808511
2022/7/8 21:05,2439.255319
2022/7/8 21:10,2431.702128
2022/7/8 21:15,2424.148936
2022/7/8 21:20,2416.595745
2022/7/8 21:25,2409.042553
2022/7/8 21:30,2401.489362
2022/7/8 21:35,2393.93617
2022/7/8 21:40,2386.382979
2022/7/8 21:45,2378.829787
2022/7/8 21:50,2371.276596
2022/7/8 21:55,2363.723404
2022/7/8 22:00,2356.170213
2022/7/8 22:05,2348.617021
2022/7/8 22:10,2341.06383
2022/7/8 22:15,2333.510638
2022/7/8 22:20,2325.957447
2022/7/8 22:25,2318.404255
2022/7/8 22:30,2310.851064
2022/7/8 22:35,2303.297872
2022/7/8 22:40,2295.744681
2022/7/8 22:45,2288.191489
2022/7/8 22:50,2280.638298
2022/7/8 22:55,2273.085106
2022/7/8 23:00,2265.531915
2022/7/8 23:05,2257.978723
2022/7/8 23:10,2250.425532
2022/7/8 23:15,2242.87234
2022/7/8 23:20,2235.319149
2022/7/8 23:25,2227.765957
2022/7/8 23:30,2220.212766
2022/7/8 23:35,2212.659574
2022/7/8 23:40,2205.106383
2022/7/8 23:45,2197.553191
2022/7/8 23:50,2190
2022/7/8 23:55,2180
2022/7/9 0:00,2170
2022/7/9 0:05,1833.541667
2022/7/9 0:10,1837.083333
2022/7/9 0:15,1840.625
2022/7/9 0:20,1844.166667
2022/7/9 0:25,1847.708333
2022/7/9 0:30,1851.25
2022/7/9 0:35,1854.791667
2022/7/9 0:40,1858.333333
2022/7/9 0:45,1861.875
2022/7/9 0:50,1865.416667
2022/7/9 0:55,1868.958333
2022/7/9 1:00,1872.5
2022/7/9 1:05,1876.041667
2022/7/9 1:10,1879.583333
2022/7/9 1:15,1883.125
2022/7/9 1:20,1886.666667
2022/7/9 1:25,1890.208333
2022/7/9 1:30,1893.75
2022/7/9 1:35,1897.291667
2022/7/9 1:40,1900.833333
2022/7/9 1:45,1904.375
2022/7/9 1:50,1907.916667
2022/7/9 1:55,1911.458333
2022/7/9 2:00,1915
2022/7/9 2:05,1918.541667
2022/7/9 2:10,1922.083333
2022/7/9 2:15,1925.625
2022/7/9 2:20,1929.166667
2022/7/9 2:25,1932.708333
2022/7/9 2:30,1936.25
2022/7/9 2:35,1939.791667
2022/7/9 2:40,1943.333333
2022/7/9 2:45,1946.875
2022/7/9 2:50,1950.416667
2022/7/9 2:55,1953.958333
2022/7/9 3:00,1957.5
2022/7/9 3:05,1961.041667
2022/7/9 3:10,1964.583333
2022/7/9 3:15,1968.125
2022/7/9 3:20,1971.666667
2022/7/9 3:25,1975.208333
2022/7/9 3:30,1978.75
2022/7/9 3:35,1982.291667
2022/7/9 3:40,1985.833333
2022/7/9 3:45,1989.375
2022/7/9 3:50,1992.916667
2022/7/9 3:55,1996.458333
2022/7/9 4:00,2000
2022/7/9 4:05,2003.541667
2022/7/9 4:10,2007.083333
2022/7/9 4:15,2010.625
2022/7/9 4:20,2014.166667
2022/7/9 4:25,2017.708333
2022/7/9 4:30,2021.25
2022/7/9 4:35,2024.791667
2022/7/9 4:40,2028.333333
2022/7/9 4:45,2031.875
2022/7/9 4:50,2035.416667
2022/7/9 4:55,2038.958333
2022/7/9 5:00,2042.5
2022/7/9 5:05,2046.041667
2022/7/9 5:10,2049.583333
2022/7/9 5:15,2053.125
2022/7/9 5:20,2056.666667
2022/7/9 5:25,2060.208333
2022/7/9 5:30,2063.75
2022/7/9 5:35,2067.291667
2022/7/9 5:40,2070.833333
2022/7/9 5:45,2074.375
2022/7/9 5:50,2077.916667
2022/7/9 5:55,2081.458333
2022/7/9 6:00,2085
2022/7/9 6:05,2088.541667
2022/7/9 6:10,2092.083333
2022/7/9 6:15,2095.625
2022/7/9 6:20,2099.166667
2022/7/9 6:25,2102.708333
2022/7/9 6:30,2106.25
2022/7/9 6:35,2109.791667
2022/7/9 6:40,2113.333333
2022/7/9 6:45,2116.875
2022/7/9 6:50,2120.416667
2022/7/9 6:55,2123.958333
2022/7/9 7:00,2127.5
2022/7/9 7:05,2131.041667
2022/7/9 7:10,2134.583333
2022/7/9 7:15,2138.125
2022/7/9 7:20,2141.666667
2022/7/9 7:25,2145.208333
2022/7/9 7:30,2148.75
2022/7/9 7:35,2152.291667
2022/7/9 7:40,2155.833333
2022/7/9 7:45,2159.375
2022/7/9 7:50,2162.916667
2022/7/9 7:55,2166.458333
2022/7/9 8:00,1830
2022/7/9 8:05,1826.666667
2022/7/9 8:10,1823.333333
2022/7/9 8:15,1820
2022/7/9 8:20,1816.666667
2022/7/9 8:25,1813.333333
2022/7/9 8:30,1810
2022/7/9 8:35,1806.666667
2022/7/9 8:40,1803.333333
2022/7/9 8:45,1800
2022/7/9 8:50,1796.666667
2022/7/9 8:55,1793.333333
2022/7/9 9:00,1790
2022/7/9 9:05,1788.75
2022/7/9 9:10,1787.5
2022/7/9 9:15,1786.25
2022/7/9 9:20,1785
2022/7/9 9:25,1783.75
2022/7/9 9:30,1782.5
2022/7/9 9:35,1781.25
2022/7/9 9:40,1780
2022/7/9 9:45,1778.75
2022/7/9 9:50,1777.5
2022/7/9 9:55,1776.25
2022/7/9 10:00,1775
2022/7/9 10:05,1773.75
2022/7/9 10:10,1772.5
2022/7/9 10:15,1771.25
2022/7/9 10:20,1770
2022/7/9 10:25,1768.75
2022/7/9 10:30,1767.5
2022/7/9 10:35,1766.25
2022/7/9 10:40,1765
2022/7/9 10:45,1763.75
2022/7/9 10:50,1762.5
2022/7/9 10:55,1761.25
2022/7/9 11:00,1760
2022/7/9 11:05,1757.5
2022/7/9 11:10,1755
2022/7/9 11:15,1752.5
2022/7/9 11:20,1750
2022/7/9 11:25,1747.5
2022/7/9 11:30,1745
2022/7/9 11:35,1742.5
2022/7/9 11:40,1740
2022/7/9 11:45,1737.5
2022/7/9 11:50,1735
2022/7/9 11:55,1732.5
2022/7/9 12:00,1730
2022/7/9 12:05,1729.130435
2022/7/9 12:10,1728.26087
2022/7/9 12:15,1727.391304
2022/7/9 12:20,1726.521739
2022/7/9 12:25,1725.652174
2022/7/9 12:30,1724.782609
2022/7/9 12:35,1723.913043
2022/7/9 12:40,1723.043478
2022/7/9 12:45,1722.173913
2022/7/9 12:50,1721.304348
2022/7/9 12:55,1720.434783
2022/7/9 13:00,1719.565217
2022/7/9 13:05,1718.695652
2022/7/9 13:10,1717.826087
2022/7/9 13:15,1716.956522
2022/7/9 13:20,1716.086957
2022/7/9 13:25,1715.217391
2022/7/9 13:30,1714.347826
2022/7/9 13:35,1713.478261
2022/7/9 13:40,1712.608696
2022/7/9 13:45,1711.73913
2022/7/9 13:50,1710.869565
2022/7/9 13:55,1710
2022/7/9 14:00,1710
2022/7/9 14:05,1710
2022/7/9 14:10,1710
2022/7/9 14:15,1710
2022/7/9 14:20,1710
2022/7/9 14:25,1710
2022/7/9 14:30,1710
2022/7/9 14:35,1710
2022/7/9 14:40,1710
2022/7/9 14:45,1710
2022/7/9 14:50,1710
2022/7/9 14:55,1710
2022/7/9 15:00,1710
2022/7/9 15:05,1710
2022/7/9 15:10,1710
2022/7/9 15:15,1710
2022/7/9 15:20,1710
2022/7/9 15:25,1710
2022/7/9 15:30,1710
2022/7/9 15:35,1708.888889
2022/7/9 15:40,1707.777778
2022/7/9 15:45,1706.666667
2022/7/9 15:50,1705.555556
2022/7/9 15:55,1704.444444
2022/7/9 16:00,1703.333333
2022/7/9 16:05,1702.222222
2022/7/9 16:10,1701.111111
2022/7/9 16:15,1700
2022/7/9 16:20,1698.888889
2022/7/9 16:25,1697.777778
2022/7/9 16:30,1696.666667
2022/7/9 16:35,1695.555556
2022/7/9 16:40,1694.444444
2022/7/9 16:45,1693.333333
2022/7/9 16:50,1692.222222
2022/7/9 16:55,1691.111111
2022/7/9 17:00,1690
2022/7/9 17:05,1689.39759
2022/7/9 17:10,1688.795181
2022/7/9 17:15,1688.192771
2022/7/9 17:20,1687.590361
2022/7/9 17:25,1686.987952
2022/7/9 17:30,1686.385542
2022/7/9 17:35,1685.783133
2022/7/9 17:40,1685.180723
2022/7/9 17:45,1684.578313
2022/7/9 17:50,1683.975904
2022/7/9 17:55,1683.373494
2022/7/9 18:00,1682.771084
2022/7/9 18:05,1682.168675
2022/7/9 18:10,1681.566265
2022/7/9 18:15,1680.963855
2022/7/9 18:20,1680.361446
2022/7/9 18:25,1679.759036
2022/7/9 18:30,1679.156627
2022/7/9 18:35,1678.554217
2022/7/9 18:40,1677.951807
2022/7/9 18:45,1677.349398
2022/7/9 18:50,1676.746988
2022/7/9 18:55,1676.144578
2022/7/9 19:00,1675.542169
2022/7/9 19:05,1674.939759
2022/7/9 19:10,1674.337349
2022/7/9 19:15,1673.73494
2022/7/9 19:20,1673.13253
2022/7/9 19:25,1672.53012
2022/7/9 19:30,1671.927711
2022/7/9 19:35,1671.325301
2022/7/9 19:40,1670.722892
2022/7/9 19:45,1670.120482
2022/7/9 19:50,1669.518072
2022/7/9 19:55,1668.915663
2022/7/9 20:00,1668.313253
2022/7/9 20:05,1667.710843
2022/7/9 20:10,1667.108434
2022/7/9 20:15,1666.506024
2022/7/9 20:20,1665.903614
2022/7/9 20:25,1665.301205
2022/7/9 20:30,1664.698795
2022/7/9 20:35,1664.096386
2022/7/9 20:40,1663.493976
2022/7/9 20:45,1662.891566
2022/7/9 20:50,1662.289157
2022/7/9 20:55,1661.686747
2022/7/9 21:00,1661.084337
2022/7/9 21:05,1660.481928
2022/7/9 21:10,1659.879519
2022/7/9 21:15,1659.27711
2022/7/9 21:20,1658.674701
2022/7/9 21:25,1658.072292
2022/7/9 21:30,1657.469883
2022/7/9 21:35,1656.867474
2022/7/9 21:40,1656.265065
2022/7/9 21:45,1655.662656
2022/7/9 21:50,1655.060247
2022/7/9 21:55,1654.457838
2022/7/9 22:00,1653.855429
2022/7/9 22:05,1653.25302
2022/7/9 22:10,1652.650611
2022/7/9 22:15,1652.048202
2022/7/9 22:20,1651.445793
2022/7/9 22:25,1650.843384
2022/7/9 22:30,1650.240975
2022/7/9 22:35,1649.638566
2022/7/9 22:40,1649.036157
2022/7/9 22:45,1648.433748
2022/7/9 22:50,1647.831339
2022/7/9 22:55,1647.22893
2022/7/9 23:00,1646.626521
2022/7/9 23:05,1646.024112
2022/7/9 23:10,1645.421703
2022/7/9 23:15,1644.819294
2022/7/9 23:20,1644.216885
2022/7/9 23:25,1643.614476
2022/7/9 23:30,1643.012067
2022/7/9 23:35,1642.409658
2022/7/9 23:40,1641.807249
2022/7/9 23:45,1641.20484
2022/7/9 23:50,1640.602431
2022/7/9 23:55,1640
2022/7/10 0:00,1640
